,Cloudiness,Country,Humidity,Latitude,Longitude,Temperature,Windspeed
0,92,ZA,82,-34.53,20.04,64.4,3.36
1,12,ET,74,8.96,38.73,44.18,2.71
2,90,ZA,82,-33.93,18.42,62.6,11.41
3,75,PG,57,-5.86,144.23,75.2,11.41
4,20,NO,68,78.22,15.63,24.8,9.17
5,0,ET,82,14.12,38.72,47.06,2.48
6,92,BR,99,-30.17,-50.22,67.58,4.38
7,8,AU,84,-33.64,115.35,68.3,4.83
8,20,GR,87,39.42,22.43,53.6,2.24
9,56,JM,92,17.89,-77.59,74.33,4.5
10,90,CA,97,69.44,-133.03,32.0,10.29
11,1,US,81,26.05,-97.95,82.15,3.36
12,12,CD,96,2.79,24.73,71.36,2.15
13,5,MX,44,28.39,-105.62,60.8,4.7
14,5,CA,79,62.45,-114.38,28.4,8.05
15,40,JP,74,33.37,134.14,78.8,4.7
16,1,US,66,19.71,-155.08,68.52,3.36
17,90,US,92,38.88,-99.33,42.6,12.75
18,40,AR,64,-54.81,-68.31,37.4,32.21
19,75,JP,57,35.73,140.83,76.05,3.36
20,80,AO,100,-15.19,12.15,67.22,5.39
21,12,RU,92,70.62,147.9,21.32,9.98
22,56,PF,95,-23.12,-134.97,75.14,12.77
23,80,ZA,96,-34.42,19.24,56.33,2.93
24,8,IN,48,21.69,75.09,82.16,4.16
25,90,NA,87,-22.95,14.51,57.2,5.82
26,36,IN,98,15.34,74.49,72.44,2.59
27,24,PH,87,13.13,123.76,84.05,2.48
28,40,CL,74,-53.16,-70.91,37.4,18.34
29,12,RU,94,68.05,39.51,36.62,14.12
30,0,NG,91,10.3,10.93,72.35,8.63
31,0,AU,49,-33.21,138.6,63.53,11.43
32,92,GH,100,4.89,-1.75,76.13,5.73
33,0,AR,72,-34.61,-58.36,58.95,8.05
34,40,DZ,72,36.36,6.61,64.4,11.41
35,20,GB,100,50.12,-5.53,57.2,13.87
36,36,PH,93,17.08,122.42,82.79,6.62
37,92,BR,95,-22.97,-42.02,73.52,16.02
38,32,NG,90,9.92,8.9,64.16,3.83
39,92,CK,100,-21.21,-159.78,73.79,16.58
40,68,RU,96,73.51,80.55,38.15,22.62
41,20,US,93,42.65,-73.75,65.19,4.61
42,0,TL,31,-8.93,125.41,87.83,2.04
43,90,US,80,47.93,-96.78,39.69,12.75
44,75,BN,74,5.28,115.24,88.72,2.24
45,92,KZ,69,52.55,62.49,42.2,3.83
46,0,PE,62,-17.17,-70.89,53.0,2.48
47,75,CA,85,63.75,-68.52,21.2,13.87
48,90,CA,68,55.74,-97.86,28.4,4.7
49,24,GL,100,72.79,-56.15,24.65,6.73
50,0,KI,100,3.07,172.79,84.23,7.96
51,90,ZA,88,-33.02,27.91,62.6,11.41
52,92,NZ,100,-46.19,168.86,42.65,8.3
53,5,MX,55,23.99,-104.67,60.8,8.05
54,0,ZA,98,-33.59,26.89,64.16,2.82
55,56,LK,100,6.12,81.12,77.39,11.32
56,92,RU,99,66.0,57.56,34.73,14.56
57,56,GL,100,77.48,-69.36,16.1,10.76
58,92,RU,97,50.68,156.12,46.97,12.33
59,80,RU,79,62.53,155.8,26.81,4.16
60,1,US,60,21.35,-158.09,81.19,8.05
61,88,RU,94,69.38,178.42,36.8,10.65
62,36,AR,44,-38.31,-60.23,47.96,7.4
63,92,RU,93,71.97,114.09,31.85,18.03
64,64,PF,99,-9.8,-139.03,80.9,17.69
65,88,MV,100,3.78,72.97,82.34,11.88
66,40,RU,45,59.58,151.3,48.2,2.24
67,0,MX,91,27.97,-114.04,65.06,7.52
68,0,AU,74,-37.83,140.78,59.48,8.08
69,1,US,93,43.41,-124.22,51.8,4.72
70,64,ES,93,41.35,-1.64,57.2,1.12
71,48,AU,9,-20.31,118.58,104.0,17.22
72,0,AU,28,-23.58,149.07,93.05,11.43
73,92,ES,100,38.09,-1.8,53.45,2.71
74,0,PT,89,41.42,-6.55,40.4,3.38
75,0,CN,62,28.28,88.52,22.13,0.92
76,0,RU,93,45.21,39.57,51.8,6.71
77,0,NZ,42,-39.94,176.59,63.17,16.24
78,1,US,91,36.07,-79.4,69.42,7.18
79,8,UY,74,-34.48,-54.34,50.39,8.19
80,56,GH,100,4.87,-2.24,77.21,9.19
81,40,KR,33,37.57,126.98,58.55,17.22
82,0,ID,42,-6.9,112.33,92.6,3.94
83,12,LT,89,55.53,25.1,45.26,12.77
84,40,AR,42,-45.87,-67.48,48.2,5.82
85,12,ZA,26,-30.97,22.13,59.48,9.19
86,24,CN,78,29.36,113.12,66.41,5.95
87,24,CD,97,2.74,23.78,72.26,2.37
88,1,US,91,30.3,-99.24,63.3,3.15
89,75,AU,50,-42.88,147.33,51.8,14.99
90,80,MV,100,5.67,73.0,82.43,12.21
91,36,ES,73,29.06,-13.56,75.2,16.11
92,5,US,82,36.97,-122.03,60.73,9.17
93,1,CA,88,45.36,-73.48,71.56,6.93
94,0,AU,89,-34.72,135.86,59.12,17.69
95,0,CN,38,36.09,120.35,60.8,8.95
96,0,EC,100,-0.74,-90.35,70.1,12.66
97,48,CN,60,46.39,123.41,50.48,14.79
98,56,CO,98,5.39,-73.37,52.73,2.04
99,20,GL,58,65.61,-37.64,30.2,2.24
100,88,RU,68,63.92,127.47,26.63,11.21
101,76,PG,79,-6.32,155.48,82.43,3.27
102,20,TT,83,10.24,-61.45,80.6,14.99
103,75,JP,82,37.4,136.9,68.0,2.24
104,0,NE,76,13.59,7.06,71.63,9.53
105,0,RU,50,56.5,93.28,53.6,11.18
106,90,US,89,60.79,-161.76,50.0,3.36
107,40,MU,78,-19.98,57.61,73.4,14.99
108,92,PY,96,-26.98,-56.83,72.53,2.71
109,12,ID,72,-3.41,114.85,88.28,3.83
110,92,AR,52,-46.43,-67.52,46.88,15.46
111,48,PG,100,-2.57,150.8,83.06,6.4
112,44,RU,98,69.7,170.27,37.79,9.42
113,20,RU,89,53.51,142.97,49.04,10.98
114,90,FI,93,62.78,29.36,51.8,10.29
115,24,CL,95,-42.48,-73.76,40.13,3.71
116,0,CN,40,40.29,97.04,47.96,5.5
117,92,NZ,100,-46.13,167.69,40.76,7.18
118,90,CA,93,54.32,-130.32,48.2,1.81
119,36,RU,89,68.75,161.3,30.95,1.59
120,90,US,78,33.83,-78.68,77.79,17.22
121,12,KG,61,41.17,75.81,31.22,2.82
122,0,PK,62,29.19,72.85,72.26,10.42
123,48,NA,96,-26.65,15.16,55.61,9.75
124,75,AU,50,-42.78,147.06,51.8,14.99
125,40,US,100,39.31,-74.98,71.62,7.52
126,0,SA,33,18.39,42.45,59.0,5.5
127,90,CA,100,47.66,-52.73,41.0,4.7
128,0,RO,87,45.08,26.0,51.8,6.93
129,56,RU,46,46.45,135.83,48.86,2.82
130,0,QA,84,25.29,51.53,86.0,6.93
131,0,PK,79,30.96,73.98,69.38,5.61
132,0,RU,44,51.31,119.61,42.56,3.38
133,0,PE,93,-13.71,-76.2,62.6,11.41
134,0,RU,50,56.17,91.82,53.6,11.18
135,40,US,64,22.08,-159.32,81.55,13.87
136,0,CN,67,38.52,102.19,43.64,3.71
137,0,ML,78,12.35,-4.78,76.85,9.08
138,76,CD,43,-10.88,26.6,65.6,6.17
139,1,JP,65,26.35,127.87,82.27,10.29
140,20,LA,59,14.89,105.88,89.6,4.7
141,1,US,81,35.61,-88.82,73.99,8.05
142,20,MX,88,20.71,-105.21,80.6,2.24
143,88,MV,100,-0.6,73.08,83.33,10.87
144,24,CA,100,54.77,-101.88,30.68,5.95
145,75,NL,93,52.08,5.41,47.1,3.36
146,75,MR,94,20.93,-17.03,68.0,8.05
147,68,PG,96,-6.22,155.63,81.53,3.94
148,90,US,95,33.19,-82.53,74.41,5.82
149,12,PH,100,11.72,122.09,81.44,11.54
150,0,GY,94,6.8,-58.16,75.2,4.7
151,75,JP,71,43.93,141.67,55.4,4.7
152,48,PT,100,38.52,-28.7,66.95,23.29
153,40,MU,78,-20.34,57.76,73.4,14.99
154,90,PE,94,-3.75,-73.25,75.2,6.93
155,12,CA,84,66.15,-65.72,21.68,4.94
156,88,RU,90,66.32,-179.17,38.06,11.88
157,0,RU,64,62.65,135.58,30.68,3.6
158,44,UY,84,-33.69,-53.46,56.15,12.55
159,0,ZW,76,-19.28,30.53,51.65,10.42
160,76,RU,64,55.93,158.7,35.18,1.92
161,0,BR,64,-20.25,-43.81,73.4,5.82
162,88,CN,72,25.1,117.03,70.28,2.48
163,0,AU,59,-28.95,153.24,82.16,3.94
164,90,US,90,44.67,-103.85,32.0,4.72
165,12,RU,58,48.12,132.48,50.93,3.38
166,36,PG,100,-2.02,147.27,80.72,3.71
167,20,MX,73,22.89,-109.91,74.48,9.17
168,92,RU,97,71.64,128.87,32.03,7.63
169,0,CL,86,-41.87,-73.83,37.88,3.94
170,40,ES,68,38.18,-1.13,63.5,8.05
171,75,US,96,39.95,-94.76,64.94,9.17
172,92,RU,96,60.14,32.56,51.11,11.43
173,40,MU,78,-20.41,57.7,73.4,14.99
174,90,RU,87,59.7,30.79,51.8,6.71
175,76,SL,99,7.99,-10.85,69.11,2.82
176,64,RU,95,71.98,102.47,33.02,14.0
177,8,NZ,67,-35.17,173.16,62.99,9.98
178,68,US,41,39.46,-117.13,48.23,11.65
179,8,BR,85,-1.2,-46.02,79.28,10.2
180,0,TR,90,38.2,37.19,37.25,3.6
181,75,TZ,56,-5.09,32.32,71.6,14.99
182,88,GL,100,65.42,-52.9,27.35,8.3
183,90,US,90,30.04,-94.42,72.97,11.41
184,92,EE,93,59.1,26.19,53.0,13.67
185,92,NZ,95,-46.28,169.85,44.36,11.65
186,88,RU,74,58.52,125.52,36.35,10.76
187,40,BR,93,-29.69,-53.81,66.2,2.24
188,90,CA,92,70.47,-68.59,26.6,12.75
189,75,ES,88,36.68,-6.14,67.44,2.24
190,20,NI,94,12.34,-86.68,75.2,4.7
191,0,SA,25,17.54,44.22,64.4,1.25
192,20,ID,85,-7.52,109.29,79.73,8.75
193,75,JP,94,33.93,134.5,71.04,8.05
194,0,UY,87,-34.91,-54.96,51.8,3.36
195,76,RU,63,57.84,108.35,39.5,3.49
196,92,CA,89,51.64,-111.93,29.06,9.19
197,88,BR,96,-20.63,-46.0,65.6,1.92
198,48,NE,33,18.74,7.39,76.13,3.49
199,0,EG,80,28.42,30.79,65.69,6.96
200,0,TM,81,38.44,57.43,38.24,4.94
201,88,BS,100,26.54,-77.06,82.61,10.87
202,56,SB,95,-8.15,159.59,82.61,5.39
203,32,PF,100,-16.48,-151.75,81.35,4.72
204,0,ES,81,43.48,-8.23,55.58,8.05
205,36,PH,86,11.0,122.67,84.05,4.5
206,56,FO,87,62.23,-6.59,46.4,9.17
207,44,ID,80,-0.95,122.79,84.86,4.16
208,12,MX,72,18.62,-100.35,67.67,1.92
209,0,CL,74,-28.58,-70.76,48.95,2.26
210,12,GL,53,60.91,-46.05,24.8,4.7
211,75,MX,78,16.99,-99.26,82.4,1.14
212,36,BR,93,-9.87,-56.08,74.69,2.37
213,20,GR,87,39.45,22.34,53.6,2.24
214,75,CO,78,11.24,-74.21,80.6,6.93
215,0,RO,94,45.2,27.57,49.94,8.41
216,0,AU,69,-28.65,153.62,77.0,18.34
217,0,AZ,82,40.08,49.41,60.8,2.24
218,76,BR,95,-18.5,-54.75,71.9,4.72
219,0,FR,93,49.65,0.71,57.22,8.05
220,68,BR,88,-9.31,-36.86,70.1,8.86
221,92,RU,96,59.38,28.61,51.83,10.2
222,0,IN,80,25.52,90.21,78.2,2.93
223,0,TR,59,37.36,38.53,62.6,2.24
224,68,RU,92,69.49,88.39,31.94,4.27
225,24,IN,37,27.15,74.86,79.82,4.38
226,88,IS,100,64.25,-15.21,42.02,9.42
227,1,US,93,43.37,-124.22,51.8,4.72
228,90,CA,100,48.41,-89.26,39.2,8.05
229,48,MX,100,15.86,-97.07,79.82,5.28
230,0,MX,68,27.52,-110.01,68.03,2.59
231,0,IR,95,36.55,52.68,56.87,3.38
232,92,RU,60,62.16,117.65,41.57,11.21
233,0,RU,71,70.0,135.55,26.9,10.2
234,8,YE,96,12.79,45.03,81.35,2.93
235,90,US,69,36.31,-82.35,69.22,8.05
236,92,IE,94,53.8,-9.52,56.15,18.81
237,0,RU,92,54.43,31.9,37.52,10.76
238,0,RU,90,55.82,65.58,30.77,3.15
239,0,AU,16,-20.74,116.85,100.16,10.98
240,90,US,83,40.63,-91.32,73.65,8.05
241,8,RU,73,51.68,79.77,46.16,6.73
242,75,MY,94,5.33,103.14,78.8,4.83
243,68,ET,97,4.89,38.09,61.1,2.59
244,75,CA,86,65.28,-126.83,28.4,6.93
245,40,IS,86,63.84,-22.43,39.2,16.11
246,32,PH,95,13.72,123.58,82.88,3.49
247,75,CA,88,45.61,-73.79,71.62,13.87
248,90,RU,100,60.73,77.6,35.6,11.18
249,12,RU,88,45.23,147.88,56.51,9.19
250,88,RU,59,44.76,136.29,49.4,2.93
251,0,ZA,83,-28.77,32.06,66.86,14.79
252,48,RU,73,68.06,166.44,31.58,3.04
253,68,ZA,100,-34.05,23.37,62.27,8.97
254,75,AU,17,-20.73,139.49,98.6,6.93
255,40,DZ,28,27.87,-0.29,80.6,3.36
256,0,CN,33,39.73,98.49,46.52,3.94
257,90,US,93,36.43,-99.39,45.82,12.75
258,0,AR,72,-34.61,-58.44,58.95,8.05
259,20,US,74,45.52,-122.67,54.39,3.36
260,75,DZ,93,36.27,2.77,64.4,3.36
261,0,YT,88,-12.79,45.27,75.2,3.36
262,20,AU,48,-12.18,136.78,87.8,12.75
263,32,IN,84,33.14,75.55,46.79,1.25
264,0,FR,77,48.38,-4.62,59.41,16.11
265,90,CA,92,53.59,-116.44,26.6,6.93
266,68,SA,87,25.02,37.27,80.81,7.96
267,76,RU,74,56.01,71.51,40.76,13.89
268,0,CN,18,39.23,106.34,51.38,2.37
269,75,KR,60,35.24,129.21,68.0,13.87
270,1,US,70,21.39,-158.15,81.19,9.17
271,0,ZA,43,-30.65,24.01,51.29,3.38
272,0,PT,87,39.36,-9.38,55.69,6.93
273,92,RU,95,60.37,93.04,43.73,8.86
274,36,BR,76,-1.8,-53.48,80.9,3.27
275,0,CN,45,42.84,93.51,55.7,7.18
276,56,UA,92,47.17,37.7,52.82,8.97
277,90,US,82,34.64,-120.46,61.88,3.36
278,1,US,81,39.62,-77.74,70.39,4.7
279,0,ML,79,14.74,-6.12,72.26,3.6
280,88,AZ,70,40.65,47.48,58.13,0.69
281,0,AU,33,-20.01,148.25,87.8,16.11
282,32,SY,93,34.45,40.92,62.63,6.06
283,76,VU,100,-19.55,169.27,75.32,10.76
284,88,CD,98,-2.95,25.92,69.83,1.48
285,40,JP,53,36.31,139.8,75.2,10.29
286,68,BR,94,-22.19,-46.24,62.27,2.37
287,56,GL,53,69.22,-51.1,26.6,11.41
288,75,AU,77,-31.43,152.91,68.0,17.22
289,0,ID,100,-5.67,132.75,81.8,8.52
290,0,OM,40,17.01,54.1,86.0,14.99
291,0,PK,58,29.03,69.15,70.73,2.71
292,40,BR,88,-27.6,-48.55,73.4,8.05
293,0,RS,81,42.44,22.31,37.7,1.81
294,92,RU,95,61.81,36.54,50.03,20.27
295,100,MG,94,-14.9,50.28,70.73,13.44
296,0,MG,66,-13.19,49.05,71.81,11.1
297,20,ID,49,-6.1,106.64,90.34,6.93
298,0,BR,44,-7.71,-38.15,74.6,10.98
299,68,RU,43,53.05,158.65,51.8,6.71
300,0,AR,64,-51.62,-69.22,37.4,17.22
301,5,MX,44,28.66,-106.08,60.8,4.7
302,0,UA,83,50.18,30.1,32.61,2.24
303,24,RU,91,64.57,143.24,12.59,2.59
304,90,AU,93,-35.26,150.51,55.4,14.99
305,20,GD,88,12.16,-61.73,78.8,8.05
306,90,US,87,28.02,-97.05,80.73,14.99
307,40,PT,72,37.14,-8.45,68.0,3.36
308,80,CO,95,4.71,-75.1,65.06,2.71
309,36,ID,100,-0.92,100.36,80.63,2.15
310,0,ID,50,-9.65,120.26,89.81,7.4
311,0,PK,65,28.31,70.13,72.62,6.17
312,76,RU,87,66.04,60.13,34.73,8.63
313,0,ZM,34,-13.68,24.8,61.82,12.44
314,68,RU,80,67.46,153.71,28.52,3.04
315,0,AU,30,-23.7,133.88,82.4,12.75
316,20,BM,73,32.3,-64.78,77.0,9.17
317,0,BR,65,-15.31,-42.01,65.96,8.97
318,0,MG,69,-18.77,46.05,62.18,16.02
319,68,SD,100,19.1,37.33,71.9,3.71
320,90,AT,100,48.64,13.53,44.6,2.24
321,75,MX,78,16.86,-99.88,82.4,5.17
322,64,TR,91,41.02,34.04,37.88,2.37
323,32,AU,70,-34.44,116.03,71.45,6.96
324,88,IE,95,54.11,-9.15,55.52,17.81
325,0,YE,82,14.4,46.47,47.33,2.59
326,20,GL,53,60.72,-46.03,24.8,4.7
327,68,CN,88,19.91,109.69,81.08,6.96
328,36,PH,100,11.14,123.72,83.78,5.84
329,92,RU,87,66.77,123.37,32.12,9.98
330,0,FI,95,63.93,24.96,40.04,7.4
331,0,UA,84,50.74,33.49,37.52,4.94
332,92,AU,86,-35.71,150.18,55.61,10.87
333,0,ZW,40,-18.35,26.5,62.63,9.64
334,88,TR,100,41.25,31.83,59.03,2.04
335,36,PG,73,-8.88,147.74,75.23,0.13
336,88,CO,92,2.18,-73.79,74.33,1.81
337,44,CV,98,14.9,-24.5,79.55,5.17
338,0,RU,91,55.97,43.07,35.6,8.95
339,92,PG,100,-10.62,150.67,78.47,14.67
340,88,BR,84,-5.2,-35.46,77.93,17.47
341,0,IR,64,36.17,54.34,43.73,2.71
342,12,NA,67,-20.37,14.96,65.06,3.38
343,36,BR,81,-21.48,-56.15,76.31,6.96
344,40,PT,82,38.73,-27.07,62.6,25.3
345,64,BS,99,26.63,-78.28,83.42,12.77
346,44,SO,86,7.98,49.82,77.39,16.91
347,92,RU,97,62.18,30.69,50.84,17.69
348,0,GM,72,13.79,-15.05,77.03,8.63
349,76,RU,94,65.58,-170.99,44.0,22.06
350,32,CA,90,50.56,-96.99,34.82,13.89
351,0,ZM,56,-15.75,26.45,57.41,8.97
352,8,RU,85,66.08,33.04,42.38,10.76
353,75,RU,75,53.14,59.15,42.8,4.47
354,20,BR,69,-10.76,-37.31,77.0,9.17
355,80,RU,86,58.52,34.59,45.89,13.0
356,80,IQ,48,33.64,42.83,72.62,3.94
357,1,CA,100,44.08,-80.2,67.08,3.36
358,20,US,93,42.73,-73.69,66.04,4.61
359,92,NZ,100,-42.72,170.96,52.37,14.79
360,80,ZA,95,-28.55,16.43,57.86,5.39
361,90,CA,100,48.51,-72.22,44.6,5.82
362,92,RU,100,67.68,53.15,38.33,19.26
363,20,ID,63,3.82,117.25,89.63,2.82
364,20,AU,62,-31.97,141.45,65.33,15.68
365,92,NZ,100,-45.41,167.72,37.25,3.94
366,0,CA,69,54.11,-112.47,12.5,5.73
367,75,JP,77,39.28,141.86,62.6,1.12
368,8,IN,74,28.58,77.04,80.6,6.93
369,0,CN,46,40.18,122.12,53.18,10.09
370,0,CL,87,-29.95,-71.34,53.6,4.7
371,24,IN,74,30.78,78.62,55.43,1.59
372,75,NO,93,58.61,5.65,53.6,6.93
373,90,CA,85,52.13,-122.14,35.6,5.82
374,0,SA,33,18.22,42.5,59.0,2.71
375,0,NZ,72,-39.64,176.84,63.8,3.38
376,92,AO,89,-6.13,12.37,74.87,4.16
377,64,TZ,76,-8.57,32.05,58.4,3.6
378,76,RU,90,63.79,74.5,32.84,7.96
379,90,US,82,34.41,-119.86,62.78,3.36
380,20,CA,85,53.28,-110.01,19.4,2.24
381,12,BR,98,-6.64,-51.99,74.06,2.15
382,0,CN,58,49.2,119.7,40.22,5.39
383,20,MZ,67,-13.3,35.25,60.8,12.75
384,20,PG,70,-6.29,145.87,76.94,1.03
385,24,PH,96,12.18,125.51,83.33,2.71
386,90,RU,87,64.42,-173.23,44.6,17.9
387,48,RU,95,66.56,67.8,26.09,14.23
388,20,IN,70,8.13,77.3,86.0,6.93
389,75,US,100,36.22,-81.67,67.95,12.75
390,90,US,82,43.97,-111.68,40.68,3.36
391,0,RU,77,51.16,55.0,33.92,5.95
392,90,CA,93,49.72,-86.95,35.6,8.05
393,90,CA,100,50.03,-66.88,37.4,3.36
394,1,US,78,40.63,-80.06,70.83,4.7
395,75,JP,83,33.72,135.99,73.4,6.93
396,0,BR,83,-5.13,-49.33,78.8,3.36
397,0,PT,76,40.06,-8.63,51.8,1.12
398,12,RU,100,66.83,70.83,32.21,12.66
399,36,ID,90,1.74,98.78,76.85,0.92
400,0,GL,100,60.14,-45.24,33.92,13.56
401,0,NG,75,11.75,11.96,67.4,2.71
402,56,GE,99,41.62,42.88,38.51,2.04
403,48,US,94,35.21,-90.2,75.07,14.34
404,64,RU,95,65.4,64.7,28.52,14.67
405,0,AU,23,-15.77,128.74,98.6,6.93
406,0,AU,100,-41.05,145.91,51.47,4.94
407,90,CL,77,-23.65,-70.4,60.8,2.24
408,0,MX,39,24.0,-103.02,55.43,6.73
409,0,TM,52,42.05,59.39,40.06,6.93
410,1,US,18,64.84,-147.72,35.29,8.41
411,88,CD,94,-5.83,13.46,73.07,3.94
412,0,FR,82,45.6,-0.6,60.98,6.93
413,20,BB,78,13.22,-59.52,80.6,14.99
414,8,KZ,71,48.59,57.19,31.31,2.93
415,12,ID,100,-3.31,129.0,81.08,9.42
416,8,KZ,66,53.07,76.1,42.38,10.87
417,75,ES,82,41.38,2.18,64.4,12.75
418,0,PK,9,26.0,63.05,77.3,15.23
419,5,CA,92,55.1,-105.3,19.4,2.24
420,20,GF,98,5.38,-52.96,80.45,12.88
421,90,CA,100,50.2,-66.38,37.4,3.36
422,92,NG,98,5.43,7.07,70.91,1.81
423,92,BR,91,-13.03,-39.6,68.57,6.51
424,20,CN,42,37.93,102.64,45.98,3.6
425,20,CY,72,34.92,32.53,67.33,6.93
426,92,CI,100,4.42,-7.36,77.48,13.22
427,76,DZ,85,36.8,4.25,59.3,2.48
428,92,NO,93,59.79,5.78,55.4,11.41
429,8,RU,57,51.36,110.46,43.64,4.38
430,76,RU,93,63.2,75.45,33.29,12.44
431,40,ID,59,1.44,125.19,89.6,10.29
432,0,BW,43,-18.54,25.64,58.4,8.52
433,0,FR,93,49.92,1.08,53.6,8.05
434,75,NU,88,-19.06,-169.92,77.0,13.87
435,76,NC,50,-21.12,164.9,78.65,2.93
436,5,US,82,37.46,-122.43,61.84,9.17
437,75,US,85,41.87,-103.67,34.74,8.05
438,12,AR,36,-43.3,-65.11,44.9,11.43
439,20,GR,76,40.66,23.61,50.0,6.93
440,64,RU,65,65.95,111.51,35.0,9.53
441,75,BR,88,-7.47,-34.81,73.4,2.24
442,75,CO,100,10.99,-74.96,77.0,2.24
443,90,CN,82,27.84,113.15,66.2,4.47
444,20,CA,67,63.59,-135.9,21.2,2.24
445,36,RU,90,59.74,52.25,32.66,9.19
446,0,EG,49,24.09,32.9,70.82,8.3
447,56,PG,100,-3.66,152.44,83.06,6.73
448,0,ID,100,-6.28,107.82,82.52,5.95
449,75,US,93,46.98,-95.91,39.56,13.87
450,0,AU,25,-25.24,130.99,84.2,4.7
451,8,RU,71,55.35,78.35,41.75,17.02
452,0,CL,79,-25.41,-70.49,54.35,2.15
453,68,TZ,51,-6.34,31.07,70.82,7.74
454,76,FO,87,62.16,-7.17,46.4,9.17
455,80,GA,100,-0.72,8.78,77.84,9.64
456,90,CA,93,50.1,-91.92,35.6,11.41
457,0,KZ,70,47.8,67.71,42.8,6.71
458,76,VU,100,-15.51,167.18,78.65,8.19
459,20,FR,93,48.95,4.24,49.01,4.7
460,75,PF,74,-17.73,-149.15,82.4,4.7
461,0,CA,78,60.75,-137.51,22.22,2.15
462,75,US,91,26.28,-80.09,83.14,14.99
463,56,RU,83,69.3,139.9,14.75,3.83
464,20,US,82,36.62,-121.92,59.27,6.93
465,90,CA,93,49.78,-74.86,37.4,6.93
466,68,RU,75,50.1,139.13,38.42,5.61
467,75,US,100,37.04,-93.29,63.37,6.93
468,0,NZ,93,-35.62,174.5,61.46,16.69
469,64,RU,76,55.18,53.8,27.8,2.59
470,0,MN,75,45.76,106.27,38.96,4.61
471,80,RU,86,66.82,65.8,24.74,7.85
472,75,IT,100,45.76,8.56,52.84,6.93
473,0,CL,100,-38.71,-73.16,44.0,8.52
474,0,EG,80,27.18,31.19,60.47,3.04
475,20,RU,90,57.78,38.45,39.68,17.25
476,0,RU,72,51.41,57.59,35.54,4.16
477,0,AT,93,47.35,11.85,46.4,2.24
478,0,BR,63,-11.96,-40.17,72.26,6.96
479,75,NO,80,70.86,29.09,41.0,19.46
480,68,PF,100,-16.78,-151.5,78.2,8.63
481,90,US,100,46.92,-98.0,37.6,21.92
482,0,AU,61,-38.34,143.59,57.23,8.41
483,0,FR,82,43.56,6.97,64.0,4.7
484,24,AO,81,-14.92,13.49,58.13,1.36
485,0,GF,100,4.94,-52.33,77.0,3.36
486,88,TR,98,41.38,33.78,44.09,2.37
487,68,CM,95,6.52,14.29,63.26,2.71
488,0,RU,80,56.01,37.85,38.28,11.18
489,0,AU,26,-27.56,151.95,84.2,13.87
490,92,RU,99,63.75,121.63,36.44,10.65
491,80,RU,92,67.55,63.78,30.32,17.81
492,90,CA,74,55.78,-118.84,30.2,11.41
493,80,RU,89,66.08,76.63,32.48,4.72
494,0,RU,71,54.08,61.55,28.34,3.49
495,75,CA,100,50.25,-118.97,44.6,2.24
496,75,MG,82,-18.4,47.88,59.0,9.17
497,1,US,100,40.62,-75.38,68.86,3.36
498,0,BR,29,-7.08,-41.47,77.12,8.97
499,0,SE,80,65.32,21.48,39.2,11.41
500,0,IN,92,18.03,73.02,79.82,4.83
501,90,US,79,60.55,-151.26,50.59,11.41
502,0,IR,87,34.1,49.69,46.4,2.15
503,90,AU,93,-34.58,150.85,55.4,14.99
504,44,CN,93,28.88,112.34,64.07,6.62
505,90,FI,93,63.56,27.19,46.4,5.82
506,64,LK,96,7.35,80.68,73.97,4.61
507,75,UG,100,0.37,32.73,68.0,8.05
508,0,BO,25,-20.46,-66.82,41.39,7.07
509,0,BR,81,-2.92,-39.92,77.93,15.46
510,0,IN,64,26.45,89.99,80.0,4.27
511,40,JP,57,35.74,139.53,76.32,5.82
512,90,CA,83,49.23,-102.17,32.0,9.17
513,75,EC,76,-0.39,-78.55,53.6,5.82
514,75,BR,83,-23.68,-45.44,73.4,2.24
515,0,AR,94,-27.45,-58.99,71.6,10.29
516,0,MK,86,41.28,20.71,37.52,1.92
517,20,BR,85,-21.61,-55.17,73.97,3.71
518,90,EE,81,57.91,26.05,51.8,12.75
519,80,US,60,47.69,-114.16,37.52,3.38
520,8,PE,85,-4.67,-73.52,79.82,4.05
521,75,TZ,77,-1.77,33.97,69.8,0.81
522,44,PE,97,-11.1,-77.61,54.53,4.16
523,90,US,94,46.77,-92.13,42.24,23.04
524,20,ID,49,-5.32,119.37,91.4,8.05
525,48,RU,64,61.28,108.01,38.78,4.38
526,48,RU,90,59.36,143.24,39.23,4.27
527,68,CU,94,21.88,-82.8,82.7,15.57
528,40,CO,74,2.66,-75.52,78.8,2.24
529,0,NZ,44,-35.1,173.78,67.85,11.43
530,1,US,42,36.62,-119.31,69.48,2.15
531,48,RU,90,52.79,52.25,43.55,2.48
532,0,IR,70,36.42,54.97,30.41,3.15
533,68,MX,100,15.74,-96.47,77.93,5.84
534,0,SO,96,9.49,50.81,76.4,15.57
535,0,PK,67,25.21,64.64,78.38,8.52
536,92,SE,76,58.71,13.82,55.4,11.41
537,75,NO,93,58.45,6.0,53.6,6.93
538,76,AU,73,-34.18,142.16,61.28,18.14
539,40,MU,78,-20.01,57.66,73.4,14.99
540,0,CN,49,30.42,103.46,68.0,4.47
541,64,VN,91,10.93,108.1,84.32,9.08
542,0,TZ,91,-10.73,38.81,66.14,4.5
543,90,CA,100,50.23,-63.6,37.4,6.93
544,1,CA,100,43.21,-79.65,66.99,3.36
545,75,NO,80,71.03,27.85,41.95,19.46
546,75,PT,82,33.08,-16.33,68.0,10.29
547,0,AU,22,-14.47,132.26,98.6,4.7
548,24,ID,63,1.0,118.1,88.01,2.59
549,90,CA,97,46.26,-83.55,54.72,5.82
550,0,ID,63,-5.11,105.31,89.18,3.94
551,0,BY,79,52.11,26.1,34.73,2.93
552,20,RU,49,50.24,127.51,48.2,4.47
553,40,US,96,58.3,-134.42,38.01,3.36
554,0,ML,95,11.09,-6.89,71.0,3.6
555,40,ID,66,-0.02,109.34,87.8,3.36
556,92,GA,100,-3.44,10.65,75.23,6.96
557,75,CO,100,10.83,-75.03,79.02,2.24
558,40,SA,46,31.68,38.65,69.8,8.05
559,92,US,83,31.44,-87.99,77.48,7.96
560,92,IN,100,11.67,92.75,78.02,17.92
561,92,ES,78,28.66,-17.92,71.6,4.7
562,20,US,100,34.55,-90.64,73.27,14.0
563,48,RU,81,62.72,147.95,16.82,3.71
564,0,UA,81,49.73,29.66,33.92,2.93
565,0,BR,94,-6.66,-69.87,76.76,1.59
566,8,CN,76,28.89,110.18,60.29,3.6
